Recall,ef,RT,sift_hnsw
0.855,16,1.286607,1
0.939,32,1.586854,1
0.981,64,2.076077,1
0.995,128,2.897177,1
0.999,256,4.450883,1
0.999,512,7.569634,1